2016-01-04 00:00:00;8,04
2016-01-05 00:00:00;8,01
2016-01-06 00:00:00;7,75
2016-01-07 00:00:00;7,55
2016-01-08 00:00:00;7,41
2016-01-11 00:00:00;7,15
2016-01-12 00:00:00;7,14
2016-01-13 00:00:00;7,24
2016-01-14 00:00:00;7,1
2016-01-15 00:00:00;6,68
2016-01-18 00:00:00;6,74
2016-01-19 00:00:00;6,82
2016-01-20 00:00:00;6,33
2016-01-21 00:00:00;6,17
2016-01-22 00:00:00;6,31
2016-01-25 00:00:00;5,9
2016-01-26 00:00:00;6,07
2016-01-27 00:00:00;5,91
2016-01-28 00:00:00;6,09
2016-01-29 00:00:00;6,03
2016-02-01 00:00:00;5,7
2016-02-02 00:00:00;5,82
2016-02-03 00:00:00;5,62
2016-02-04 00:00:00;5,61
2016-02-05 00:00:00;5,55
2016-02-08 00:00:00;5,23
2016-02-09 00:00:00;4,95
2016-02-10 00:00:00;4,88
2016-02-11 00:00:00;4,74
2016-02-12 00:00:00;5,05
2016-02-15 00:00:00;4,79
2016-02-16 00:00:00;4,67
2016-02-17 00:00:00;5,07
2016-02-18 00:00:00;5,24
2016-02-19 00:00:00;5,15
2016-02-22 00:00:00;5,4
2016-02-23 00:00:00;4,89
2016-02-24 00:00:00;4,85
2016-02-25 00:00:00;5,07
2016-02-26 00:00:00;5
2016-02-29 00:00:00;5
2016-03-01 00:00:00;5,01
2016-03-02 00:00:00;4,96
2016-03-03 00:00:00;4,91
2016-03-04 00:00:00;4,92
2016-03-07 00:00:00;5,08
2016-03-08 00:00:00;5,01
2016-03-09 00:00:00;5,07
2016-03-10 00:00:00;4,9
2016-03-11 00:00:00;4,98
2016-03-14 00:00:00;4,88
2016-03-15 00:00:00;4,91
2016-03-16 00:00:00;4,95
2016-03-17 00:00:00;5
2016-03-18 00:00:00;4,94
2016-03-21 00:00:00;4,9
2016-03-22 00:00:00;4,81
2016-03-23 00:00:00;4,78
2016-03-24 00:00:00;4,84
2016-03-29 00:00:00;4,77
2016-03-30 00:00:00;4,95
2016-03-31 00:00:00;5,2
2016-04-01 00:00:00;5,19
2016-04-04 00:00:00;5,32
2016-04-05 00:00:00;5,21
2016-04-06 00:00:00;5,3
2016-04-07 00:00:00;5,27
2016-04-08 00:00:00;5,41
2016-04-11 00:00:00;5,57
2016-04-12 00:00:00;5,58
2016-04-13 00:00:00;5,53
2016-04-14 00:00:00;5,61
2016-04-15 00:00:00;5,47
2016-04-18 00:00:00;5,46
2016-04-19 00:00:00;5,55
2016-04-20 00:00:00;5,5
2016-04-21 00:00:00;5,74
2016-04-22 00:00:00;5,96
2016-04-25 00:00:00;5,88
2016-04-26 00:00:00;6,61
2016-04-27 00:00:00;6,82
2016-04-28 00:00:00;6,32
2016-04-29 00:00:00;6,16
2016-05-02 00:00:00;6,11
2016-05-03 00:00:00;5,96
2016-05-04 00:00:00;6,12
2016-05-05 00:00:00;6,19
2016-05-06 00:00:00;5,84
2016-05-09 00:00:00;5,68
2016-05-10 00:00:00;5,88
2016-05-11 00:00:00;6
2016-05-12 00:00:00;5,8
2016-05-13 00:00:00;5,83
2016-05-16 00:00:00;6,09
2016-05-17 00:00:00;6,02
2016-05-18 00:00:00;6,03
2016-05-19 00:00:00;5,97
2016-05-20 00:00:00;5,94
2016-05-23 00:00:00;5,72
2016-05-24 00:00:00;5,78
2016-05-25 00:00:00;5,84
2016-05-26 00:00:00;6,01
2016-05-27 00:00:00;6,02
2016-05-30 00:00:00;6,1
2016-05-31 00:00:00;6,08
2016-06-01 00:00:00;5,95
2016-06-02 00:00:00;6,01
2016-06-03 00:00:00;5,93
2016-06-06 00:00:00;6,19
2016-06-07 00:00:00;6,09
2016-06-08 00:00:00;6,08
2016-06-09 00:00:00;6,1
2016-06-10 00:00:00;5,94
2016-06-13 00:00:00;5,84
2016-06-14 00:00:00;5,85
2016-06-15 00:00:00;5,9
2016-06-16 00:00:00;5,72
2016-06-17 00:00:00;5,66
2016-06-20 00:00:00;5,84
2016-06-21 00:00:00;5,54
2016-06-22 00:00:00;5,67
2016-06-23 00:00:00;5,66
2016-06-24 00:00:00;4,97
2016-06-27 00:00:00;4,76
2016-06-28 00:00:00;4,68
2016-06-29 00:00:00;4,53
2016-06-30 00:00:00;4,48
2016-07-01 00:00:00;4,61
2016-07-04 00:00:00;4,96
2016-07-05 00:00:00;4,68
2016-07-06 00:00:00;4,58
2016-07-07 00:00:00;4,57
2016-07-08 00:00:00;4,54
2016-07-11 00:00:00;4,43
2016-07-12 00:00:00;4,62
2016-07-13 00:00:00;4,78
2016-07-14 00:00:00;4,76
2016-07-15 00:00:00;4,96
2016-07-18 00:00:00;4,84
2016-07-19 00:00:00;4,66
2016-07-20 00:00:00;4,67
2016-07-21 00:00:00;4,64
2016-07-22 00:00:00;4,55
2016-07-25 00:00:00;4,58
2016-07-26 00:00:00;4,51
2016-07-27 00:00:00;4,52
2016-07-28 00:00:00;4,5
2016-07-29 00:00:00;4,41
2016-08-01 00:00:00;4,37
2016-08-02 00:00:00;4,4
2016-08-03 00:00:00;4,6
2016-08-04 00:00:00;4,68
2016-08-08 00:00:00;4,92
2016-08-09 00:00:00;4,86
2016-08-10 00:00:00;4,76
2016-08-11 00:00:00;4,87
2016-08-12 00:00:00;4,89
2016-08-15 00:00:00;4,8
2016-08-16 00:00:00;4,69
2016-08-17 00:00:00;4,48
2016-08-18 00:00:00;4,68
2016-08-19 00:00:00;4,75
2016-08-22 00:00:00;4,89
2016-08-23 00:00:00;4,66
2016-08-24 00:00:00;4,61
2016-08-25 00:00:00;4,68
2016-08-26 00:00:00;4,7
2016-08-29 00:00:00;4,68
2016-08-30 00:00:00;4,54
2016-08-31 00:00:00;4,46
2016-09-01 00:00:00;4,39
2016-09-02 00:00:00;4,08
2016-09-05 00:00:00;3,96
2016-09-06 00:00:00;4,12
2016-09-07 00:00:00;4
2016-09-08 00:00:00;4,05
2016-09-09 00:00:00;4,07
2016-09-12 00:00:00;4,02
2016-09-13 00:00:00;4,01
2016-09-14 00:00:00;3,98
2016-09-15 00:00:00;4,14
2016-09-16 00:00:00;4,36
2016-09-19 00:00:00;4,38
2016-09-20 00:00:00;4,17
2016-09-21 00:00:00;4,19
2016-09-22 00:00:00;4,4
2016-09-23 00:00:00;4,5
2016-09-23 00:00:00;4,96
2016-09-26 00:00:00;4,6
2016-09-27 00:00:00;4,45
2016-09-28 00:00:00;4,94
2016-09-29 00:00:00;5,03
2016-10-03 00:00:00;5,3
2016-10-04 00:00:00;5,23
2016-10-05 00:00:00;5,45
2016-10-06 00:00:00;5,82
2016-10-07 00:00:00;5,67
2016-10-10 00:00:00;5,65
2016-10-11 00:00:00;5,45
2016-10-12 00:00:00;5,51
2016-10-13 00:00:00;5,63
2016-10-14 00:00:00;5,78
2016-10-17 00:00:00;5,84
2016-10-18 00:00:00;5,92
2016-10-19 00:00:00;5,65
2016-10-20 00:00:00;5,56
2016-10-21 00:00:00;5,85
2016-10-24 00:00:00;5,78
2016-10-25 00:00:00;5,76
2016-10-26 00:00:00;5,92
2016-10-27 00:00:00;5,81
2016-10-28 00:00:00;5,87
2016-10-31 00:00:00;5,88
2016-11-01 00:00:00;6,01
2016-11-02 00:00:00;6,24
2016-11-03 00:00:00;6,47
2016-11-04 00:00:00;6,4
2016-11-07 00:00:00;6,2
2016-11-08 00:00:00;6,14
2016-11-09 00:00:00;6,12
2016-11-10 00:00:00;5,9
2016-11-11 00:00:00;5,68
2016-11-14 00:00:00;5,41
2016-11-15 00:00:00;5,73
2016-11-16 00:00:00;5,55
2016-11-17 00:00:00;5,9
2016-11-18 00:00:00;5,59
2016-11-21 00:00:00;5,48
2016-11-22 00:00:00;5,51
2016-11-23 00:00:00;5,39
2016-11-24 00:00:00;5,34
2016-11-25 00:00:00;5
2016-11-28 00:00:00;4,74
2016-11-29 00:00:00;4,55
2016-11-30 00:00:00;4,61
2016-12-01 00:00:00;4,46
2016-12-02 00:00:00;4,3
2016-12-05 00:00:00;4,35
2016-12-06 00:00:00;4,5
2016-12-07 00:00:00;4,3
2016-12-08 00:00:00;4,58
2016-12-09 00:00:00;4,46
2016-12-12 00:00:00;4,86
2016-12-13 00:00:00;4,78
2016-12-14 00:00:00;5
2016-12-15 00:00:00;4,79
2016-12-16 00:00:00;4,88
2016-12-19 00:00:00;5,11
2016-12-20 00:00:00;5,22
2016-12-21 00:00:00;5,82
2016-12-22 00:00:00;6,05
2016-12-23 00:00:00;6,31
2016-12-27 00:00:00;6,25
2016-12-28 00:00:00;6,32
2016-12-29 00:00:00;6,33
2016-12-30 00:00:00;6,54
2017-01-02 00:00:00;6,11
2017-01-03 00:00:00;5,42
2017-01-04 00:00:00;5,63
2017-01-05 00:00:00;5,29
2017-01-06 00:00:00;5,02
2017-01-09 00:00:00;5,25
2017-01-10 00:00:00;5,49
2017-01-11 00:00:00;5,5
2017-01-12 00:00:00;5,03
2017-01-13 00:00:00;5,03
2017-01-16 00:00:00;4,69
2017-01-17 00:00:00;4,99
2017-01-18 00:00:00;4,85
2017-01-19 00:00:00;5,19
2017-01-20 00:00:00;5,42
2017-01-23 00:00:00;5,31
2017-01-24 00:00:00;5,09
2017-01-25 00:00:00;5,01
2017-01-26 00:00:00;5,19
2017-01-27 00:00:00;4,94
2017-01-30 00:00:00;5,15
2017-01-31 00:00:00;5,33
2017-02-01 00:00:00;5,26
2017-02-02 00:00:00;5,21
2017-02-03 00:00:00;5,14
2017-02-06 00:00:00;5,07
2017-02-07 00:00:00;5,16
2017-02-08 00:00:00;5,19
2017-02-09 00:00:00;5,27
2017-02-10 00:00:00;5,11
2017-02-13 00:00:00;4,9
2017-02-14 00:00:00;5,12
2017-02-15 00:00:00;5,04
2017-02-16 00:00:00;4,93
2017-02-17 00:00:00;4,95
2017-02-20 00:00:00;5,09
2017-02-21 00:00:00;5,04
2017-02-22 00:00:00;5,06
2017-02-23 00:00:00;5,34
2017-02-24 00:00:00;5,38
2017-02-27 00:00:00;5,18
2017-02-28 00:00:00;5,24
2017-03-01 00:00:00;5,93
2017-03-02 00:00:00;5,46
2017-03-03 00:00:00;5,59
2017-03-06 00:00:00;5,48
2017-03-07 00:00:00;5,37
2017-03-08 00:00:00;5,23
2017-03-09 00:00:00;5,13
2017-03-10 00:00:00;5,16
2017-03-13 00:00:00;5,15
2017-03-14 00:00:00;5,1
2017-03-15 00:00:00;5,19
2017-03-16 00:00:00;5,14
2017-03-17 00:00:00;5,12
2017-03-20 00:00:00;4,99
2017-03-21 00:00:00;4,93
2017-03-22 00:00:00;4,96
2017-03-23 00:00:00;4,96
2017-03-24 00:00:00;4,77
2017-03-27 00:00:00;4,64
2017-03-28 00:00:00;4,74
2017-03-29 00:00:00;4,73
2017-03-30 00:00:00;4,91
2017-03-31 00:00:00;4,68
2017-04-03 00:00:00;4,86
2017-04-04 00:00:00;4,65
2017-04-05 00:00:00;4,81
2017-04-06 00:00:00;5,04
2017-04-07 00:00:00;4,9
2017-04-10 00:00:00;4,8
2017-04-11 00:00:00;4,87
2017-04-12 00:00:00;4,92
2017-04-13 00:00:00;4,95
2017-04-18 00:00:00;4,86
2017-04-19 00:00:00;4,84
2017-04-20 00:00:00;4,77
2017-04-21 00:00:00;4,57
2017-04-24 00:00:00;4,67
2017-04-25 00:00:00;4,52
2017-04-26 00:00:00;4,6
2017-04-27 00:00:00;4,57
2017-04-28 00:00:00;4,58
2017-05-02 00:00:00;4,45
2017-05-03 00:00:00;4,4
2017-05-04 00:00:00;4,5
2017-05-05 00:00:00;4,58
2017-05-08 00:00:00;4,4
2017-05-09 00:00:00;4,51
2017-05-10 00:00:00;4,46
2017-05-11 00:00:00;4,36
2017-05-12 00:00:00;4,45
2017-05-12 00:00:00;4,83
2017-05-15 00:00:00;4,39
2017-05-16 00:00:00;4,53
2017-05-17 00:00:00;4,57
2017-05-18 00:00:00;4,76
2017-05-19 00:00:00;4,83
2017-05-22 00:00:00;4,92
2017-05-23 00:00:00;4,73
2017-05-24 00:00:00;4,9
2017-05-25 00:00:00;4,98
2017-05-26 00:00:00;5,19
2017-05-29 00:00:00;5,15
2017-05-30 00:00:00;5,13
2017-05-31 00:00:00;4,97
2017-06-01 00:00:00;5,08
2017-06-02 00:00:00;5,16
2017-06-05 00:00:00;5,16
2017-06-06 00:00:00;4,96
2017-06-07 00:00:00;4,9
2017-06-08 00:00:00;5,05
2017-06-09 00:00:00;5,04
2017-06-12 00:00:00;4,92
2017-06-13 00:00:00;5
2017-06-14 00:00:00;4,95
2017-06-15 00:00:00;4,96
2017-06-16 00:00:00;4,91
2017-06-19 00:00:00;4,92
2017-06-20 00:00:00;4,95
2017-06-21 00:00:00;4,91
2017-06-22 00:00:00;4,88
2017-06-23 00:00:00;4,89
2017-06-26 00:00:00;4,81
2017-06-27 00:00:00;4,95
2017-06-28 00:00:00;4,98
2017-06-29 00:00:00;5,1
2017-06-30 00:00:00;5,02
2017-07-03 00:00:00;5,14
2017-07-04 00:00:00;5,1
2017-07-05 00:00:00;5,04
2017-07-06 00:00:00;5,24
2017-07-07 00:00:00;5,38
2017-07-10 00:00:00;5,4
2017-07-11 00:00:00;5,32
2017-07-12 00:00:00;5,47
2017-07-13 00:00:00;5,34
2017-07-14 00:00:00;5,39
2017-07-17 00:00:00;5,43
2017-07-18 00:00:00;5,45
2017-07-19 00:00:00;5,38
2017-07-20 00:00:00;5,3
2017-07-21 00:00:00;5,07
2017-07-24 00:00:00;5,16
2017-07-25 00:00:00;5,18
2017-07-26 00:00:00;5,26
2017-07-27 00:00:00;5,15
2017-07-28 00:00:00;5,17
2017-07-31 00:00:00;5,22
2017-08-01 00:00:00;5,29
2017-08-02 00:00:00;5,42
2017-08-03 00:00:00;5,42
2017-08-04 00:00:00;5,36
2017-08-07 00:00:00;5,26
2017-08-08 00:00:00;5,26
2017-08-09 00:00:00;5,36
2017-08-10 00:00:00;5,36
2017-08-11 00:00:00;5,38
2017-08-14 00:00:00;5,51
2017-08-15 00:00:00;5,52
2017-08-16 00:00:00;5,8
2017-08-17 00:00:00;5,8
2017-08-18 00:00:00;5,81
2017-08-21 00:00:00;5,74
2017-08-22 00:00:00;5,78
2017-08-23 00:00:00;5,89
2017-08-24 00:00:00;5,91
2017-08-25 00:00:00;6,02
2017-08-28 00:00:00;6,1
2017-08-29 00:00:00;6,02
2017-08-30 00:00:00;6,01
2017-08-31 00:00:00;5,93
2017-09-01 00:00:00;5,83
2017-09-04 00:00:00;5,91
2017-09-05 00:00:00;6,49
2017-09-06 00:00:00;6,68
2017-09-07 00:00:00;6,9
2017-09-08 00:00:00;7,06
2017-09-11 00:00:00;6,88
2017-09-12 00:00:00;6,86
2017-09-13 00:00:00;7,07
2017-09-14 00:00:00;7,08
2017-09-15 00:00:00;6,94
2017-09-18 00:00:00;6,73
2017-09-19 00:00:00;7,02
2017-09-20 00:00:00;6,9
2017-09-21 00:00:00;6,57
2017-09-22 00:00:00;6,64
2017-09-25 00:00:00;7,26
2017-09-26 00:00:00;6,97
2017-09-27 00:00:00;6,92
2017-09-28 00:00:00;6,95
2017-09-29 00:00:00;7,06
2017-10-02 00:00:00;6,93
2017-10-03 00:00:00;6,98
2017-10-04 00:00:00;6,9
2017-10-05 00:00:00;6,89
2017-10-06 00:00:00;7
2017-10-09 00:00:00;6,95
2017-10-10 00:00:00;7,35
2017-10-11 00:00:00;7,39
2017-10-12 00:00:00;7,42
2017-10-13 00:00:00;7,31
2017-10-16 00:00:00;7,36
2017-10-17 00:00:00;7,45
2017-10-18 00:00:00;7,77
2017-10-19 00:00:00;7,65
2017-10-20 00:00:00;7,57
2017-10-23 00:00:00;7,44
2017-10-24 00:00:00;7,46
2017-10-25 00:00:00;7,41
2017-10-26 00:00:00;7,2
2017-10-27 00:00:00;7,18
2017-10-30 00:00:00;7,16
2017-10-31 00:00:00;7,37
2017-11-01 00:00:00;7,49
2017-11-02 00:00:00;7,68
2017-11-03 00:00:00;7,87
2017-11-06 00:00:00;7,92
2017-11-07 00:00:00;7,76
2017-11-08 00:00:00;7,72
2017-11-09 00:00:00;7,56
2017-11-10 00:00:00;7,41
2017-11-13 00:00:00;7,36
2017-11-14 00:00:00;7,39
2017-11-15 00:00:00;7,69
2017-11-16 00:00:00;7,52
2017-11-17 00:00:00;7,5
2017-11-20 00:00:00;7,44
2017-11-21 00:00:00;7,37
2017-11-22 00:00:00;7,36
2017-11-23 00:00:00;7,66
2017-11-24 00:00:00;7,76
2017-11-27 00:00:00;7,67
2017-11-28 00:00:00;7,6
2017-11-29 00:00:00;7,7
2017-11-30 00:00:00;7,49
2017-12-01 00:00:00;7,67
2017-12-04 00:00:00;7,55
2017-12-05 00:00:00;7,44
2017-12-06 00:00:00;7,28
2017-12-07 00:00:00;7,32
2017-12-08 00:00:00;7,16
2017-12-11 00:00:00;7,2
2017-12-12 00:00:00;7,15
2017-12-13 00:00:00;7,1
2017-12-14 00:00:00;7,1
2017-12-15 00:00:00;7,19
2017-12-18 00:00:00;7,37
2017-12-19 00:00:00;7,47
2017-12-20 00:00:00;7,77
2017-12-21 00:00:00;7,98
2017-12-22 00:00:00;8,13
2017-12-27 00:00:00;8,12
2017-12-28 00:00:00;8,14
2017-12-29 00:00:00;8,14
2018-01-02 00:00:00;7,74
2018-01-03 00:00:00;7,78
2018-01-04 00:00:00;7,74
2018-01-05 00:00:00;7,75
2018-01-08 00:00:00;7,64
2018-01-09 00:00:00;7,73
2018-01-10 00:00:00;7,86
2018-01-11 00:00:00;7,79
2018-01-12 00:00:00;7,83
2018-01-15 00:00:00;7,74
2018-01-16 00:00:00;8,02
2018-01-17 00:00:00;8,13
2018-01-18 00:00:00;8,46
2018-01-19 00:00:00;8,73
2018-01-22 00:00:00;8,72
2018-01-23 00:00:00;8,98
2018-01-24 00:00:00;9,42
2018-01-25 00:00:00;9,21
2018-01-26 00:00:00;9,06
2018-01-29 00:00:00;8,97
2018-01-30 00:00:00;8,85
2018-01-31 00:00:00;9,25
2018-02-01 00:00:00;9,24
2018-02-02 00:00:00;8,93
2018-02-05 00:00:00;9,05
2018-02-06 00:00:00;8,78
2018-02-07 00:00:00;8,97
2018-02-08 00:00:00;9,1
2018-02-09 00:00:00;9,21
2018-02-12 00:00:00;9,46
2018-02-13 00:00:00;9,86
2018-02-14 00:00:00;9,57
2018-02-15 00:00:00;9,52
2018-02-16 00:00:00;9,5
2018-02-19 00:00:00;9,86
2018-02-20 00:00:00;9,7
2018-02-21 00:00:00;9,54
2018-02-22 00:00:00;9,7
2018-02-23 00:00:00;9,77
2018-02-26 00:00:00;9,61
2018-02-27 00:00:00;10,13
2018-02-28 00:00:00;10,07
2018-03-01 00:00:00;9,97
2018-03-02 00:00:00;10,1
2018-03-05 00:00:00;10,3
2018-03-06 00:00:00;10,43
2018-03-07 00:00:00;10,6
2018-03-08 00:00:00;11,03
2018-03-09 00:00:00;11,05
2018-03-12 00:00:00;11,06
2018-03-13 00:00:00;11,37
2018-03-14 00:00:00;11,16
2018-03-15 00:00:00;11,17
2018-03-16 00:00:00;11,16
2018-03-19 00:00:00;11,04
2018-03-20 00:00:00;11,52
2018-03-21 00:00:00;12,62
2018-03-22 00:00:00;12,31
2018-03-23 00:00:00;12,57
2018-03-26 00:00:00;12,91
2018-03-27 00:00:00;13,65
2018-03-28 00:00:00;12,96
2018-03-29 00:00:00;13,26
2018-04-03 00:00:00;13,27
2018-04-04 00:00:00;13,02
2018-04-05 00:00:00;12,61
2018-04-06 00:00:00;12,96
2018-04-09 00:00:00;13,3
2018-04-10 00:00:00;13,34
2018-04-11 00:00:00;13,41
2018-04-12 00:00:00;13,54
2018-04-13 00:00:00;13,9
2018-04-16 00:00:00;13,96
2018-04-17 00:00:00;13,73
2018-04-18 00:00:00;13,83
2018-04-19 00:00:00;13,42
2018-04-20 00:00:00;13,03
2018-04-23 00:00:00;12,87
2018-04-24 00:00:00;13,18
2018-04-25 00:00:00;13,21
2018-04-26 00:00:00;13,44
2018-04-27 00:00:00;13,51
2018-04-30 00:00:00;13,55
2018-05-01 00:00:00;13,33
2018-05-02 00:00:00;12,97
2018-05-03 00:00:00;12,89
2018-05-04 00:00:00;12,97
2018-05-07 00:00:00;13,57
2018-05-08 00:00:00;13,54
2018-05-09 00:00:00;13,95
2018-05-10 00:00:00;14,55
2018-05-11 00:00:00;14,57
2018-05-14 00:00:00;14,58
2018-05-15 00:00:00;14,32
2018-05-16 00:00:00;15,15
2018-05-17 00:00:00;15,27
2018-05-18 00:00:00;15,22
2018-05-21 00:00:00;15,51
2018-05-22 00:00:00;15,9
2018-05-23 00:00:00;15,98
2018-05-24 00:00:00;16,26
2018-05-25 00:00:00;15,98
2018-05-28 00:00:00;16,3
2018-05-29 00:00:00;16,27
2018-05-30 00:00:00;15,85
2018-05-31 00:00:00;14,9
2018-06-01 00:00:00;15,26
2018-06-04 00:00:00;16,1
2018-06-05 00:00:00;15,74
2018-06-06 00:00:00;15,89
2018-06-07 00:00:00;15,95
2018-06-08 00:00:00;15,76
2018-06-11 00:00:00;15,47
2018-06-12 00:00:00;15,14
2018-06-13 00:00:00;15,28
2018-06-14 00:00:00;14,9
2018-06-15 00:00:00;14,52
2018-06-18 00:00:00;14,57
2018-06-19 00:00:00;14,22
2018-06-20 00:00:00;14,47
2018-06-21 00:00:00;14,78
2018-06-22 00:00:00;15,09
2018-06-25 00:00:00;14,99
2018-06-26 00:00:00;14,99
2018-06-27 00:00:00;15,21
2018-06-28 00:00:00;14,97
2018-06-29 00:00:00;14,98
2018-07-02 00:00:00;15,02
2018-07-03 00:00:00;15,06
2018-07-04 00:00:00;15,48
2018-07-05 00:00:00;15,64
2018-07-06 00:00:00;15,68
2018-07-09 00:00:00;15,96
2018-07-10 00:00:00;16,03
2018-07-11 00:00:00;16,28
2018-07-12 00:00:00;16,05
2018-07-13 00:00:00;16,02
2018-07-16 00:00:00;15,89
2018-07-17 00:00:00;15,98
2018-07-18 00:00:00;16,32
2018-07-19 00:00:00;16,82
2018-07-20 00:00:00;17,03
2018-07-23 00:00:00;17,32
2018-07-24 00:00:00;17,06
2018-07-25 00:00:00;17,3
2018-07-26 00:00:00;17,31
2018-07-27 00:00:00;17,07
2018-07-30 00:00:00;17,02
2018-07-31 00:00:00;17,36
2018-08-01 00:00:00;17,74
2018-08-02 00:00:00;17,57
2018-08-03 00:00:00;17,63
2018-08-06 00:00:00;17,52
2018-08-07 00:00:00;17,44
2018-08-08 00:00:00;17,35
2018-08-09 00:00:00;17,55
2018-08-10 00:00:00;17,79
2018-08-13 00:00:00;17,98
2018-08-14 00:00:00;18,08
2018-08-15 00:00:00;18,02
2018-08-16 00:00:00;17,9
2018-08-17 00:00:00;18,08
2018-08-20 00:00:00;18,45
2018-08-21 00:00:00;19,22
2018-08-22 00:00:00;19,76
2018-08-23 00:00:00;20,36
2018-08-24 00:00:00;20,7
2018-08-27 00:00:00;21,26
2018-08-28 00:00:00;20,65
2018-08-29 00:00:00;21,02
2018-08-30 00:00:00;21,12
2018-08-31 00:00:00;21,05
2018-09-03 00:00:00;20,12
2018-09-04 00:00:00;20,14
2018-09-05 00:00:00;20,32
2018-09-06 00:00:00;21,42
2018-09-07 00:00:00;23,22
2018-09-10 00:00:00;25,18
2018-09-11 00:00:00;24,12
2018-09-12 00:00:00;22,9
2018-09-13 00:00:00;18,9
2018-09-14 00:00:00;19,93
2018-09-17 00:00:00;20,9
2018-09-18 00:00:00;20,19
2018-09-19 00:00:00;21,43
2018-09-20 00:00:00;21,98
2018-09-21 00:00:00;22,08
2018-09-24 00:00:00;22,43
2018-09-25 00:00:00;21,19
2018-09-26 00:00:00;20,18
2018-09-27 00:00:00;20,74
2018-09-28 00:00:00;21,16
2018-10-01 00:00:00;21,32
2018-10-02 00:00:00;20,86
2018-10-03 00:00:00;21,11
2018-10-04 00:00:00;21,3
2018-10-05 00:00:00;22,09
2018-10-08 00:00:00;21,82
2018-10-09 00:00:00;20,75
2018-10-10 00:00:00;19,53
2018-10-11 00:00:00;19,86
2018-10-12 00:00:00;20,35
2018-10-15 00:00:00;18,59
2018-10-16 00:00:00;19,28
2018-10-17 00:00:00;19,24
2018-10-18 00:00:00;19,75
2018-10-19 00:00:00;19,7
2018-10-22 00:00:00;19
2018-10-23 00:00:00;19,21
2018-10-24 00:00:00;19,61
2018-10-25 00:00:00;19,09
2018-10-26 00:00:00;18,28
2018-10-29 00:00:00;16,68
2018-10-30 00:00:00;16,13
2018-10-31 00:00:00;16,36
2018-11-01 00:00:00;15,62
2018-11-02 00:00:00;17,08
2018-11-05 00:00:00;17,23
2018-11-06 00:00:00;17,57
2018-11-07 00:00:00;18,62
2018-11-08 00:00:00;19,58
2018-11-09 00:00:00;19,45
2018-11-12 00:00:00;20,49
2018-11-13 00:00:00;20,14
2018-11-14 00:00:00;19,73
2018-11-15 00:00:00;19
2018-11-16 00:00:00;19,11
2018-11-19 00:00:00;18,93
2018-11-20 00:00:00;19,5
2018-11-21 00:00:00;20,49
2018-11-22 00:00:00;20,86
2018-11-23 00:00:00;20,18
2018-11-26 00:00:00;19,83
2018-11-27 00:00:00;19,65
2018-11-28 00:00:00;19,25
2018-11-29 00:00:00;20,08
2018-11-30 00:00:00;20,5
2018-12-03 00:00:00;20,63
2018-12-04 00:00:00;20,73
2018-12-05 00:00:00;19,65
2018-12-06 00:00:00;20
2018-12-07 00:00:00;20,29
2018-12-10 00:00:00;20,83
2018-12-11 00:00:00;20,16
2018-12-12 00:00:00;21,46
2018-12-13 00:00:00;22,18
2018-12-14 00:00:00;23,37
2018-12-17 00:00:00;24,27
2018-12-18 00:00:00;23,95
2018-12-19 00:00:00;24,33
2018-12-20 00:00:00;24,13
2018-12-21 00:00:00;24,57
2018-12-24 00:00:00;24,81
2018-12-27 00:00:00;24,64
2018-12-28 00:00:00;24,61
2018-12-31 00:00:00;24,18
2019-01-02 00:00:00;24,98
2019-01-03 00:00:00;23,03
2019-01-04 00:00:00;23,49
2019-01-07 00:00:00;22,1
2019-01-08 00:00:00;22,62
2019-01-09 00:00:00;21,89
2019-01-10 00:00:00;21,94
2019-01-11 00:00:00;22,59
2019-01-14 00:00:00;22,4
2019-01-15 00:00:00;22,46
2019-01-16 00:00:00;23,27
2019-01-17 00:00:00;23,49
2019-01-18 00:00:00;24,71
2019-01-21 00:00:00;24,28
2019-01-22 00:00:00;25,01
2019-01-23 00:00:00;24,54
2019-01-24 00:00:00;23,81
2019-01-25 00:00:00;23,76
2019-01-28 00:00:00;22,6
2019-01-29 00:00:00;23,2
2019-01-30 00:00:00;22,9
2019-01-31 00:00:00;22,14
2019-02-01 00:00:00;21,8
2019-02-04 00:00:00;22,89
2019-02-05 00:00:00;23,02
2019-02-06 00:00:00;23,55
2019-02-07 00:00:00;23,32
2019-02-08 00:00:00;22,2
2019-02-11 00:00:00;22,26
2019-02-12 00:00:00;20,57
2019-02-13 00:00:00;20,83
2019-02-14 00:00:00;19,67
2019-02-15 00:00:00;20,3
2019-02-18 00:00:00;19,89
2019-02-19 00:00:00;20,09
2019-02-20 00:00:00;20,36
2019-02-21 00:00:00;18,7
2019-02-22 00:00:00;18,84
2019-02-25 00:00:00;19,14
2019-02-26 00:00:00;19,53
2019-02-27 00:00:00;21,16
2019-02-28 00:00:00;21,59
2019-03-01 00:00:00;22,18
2019-03-04 00:00:00;23,03
2019-03-05 00:00:00;22,87
2019-03-06 00:00:00;22,06
2019-03-07 00:00:00;23,17
2019-03-08 00:00:00;22,88
2019-03-11 00:00:00;22,2
2019-03-12 00:00:00;22,22
2019-03-13 00:00:00;22,17
2019-03-14 00:00:00;22,63
2019-03-15 00:00:00;22,36
2019-03-18 00:00:00;21,69
2019-03-19 00:00:00;21,01
2019-03-20 00:00:00;21,54
2019-03-21 00:00:00;20,83
2019-03-22 00:00:00;20,52
2019-03-25 00:00:00;20,83
2019-03-26 00:00:00;21,43
2019-03-27 00:00:00;21,74
2019-03-28 00:00:00;22,15
2019-03-29 00:00:00;21,44
2019-04-01 00:00:00;21,81
2019-04-02 00:00:00;22,1
2019-04-03 00:00:00;23,1
2019-04-04 00:00:00;24,36
2019-04-05 00:00:00;24,52
2019-04-08 00:00:00;24,21
2019-04-09 00:00:00;25,47
2019-04-10 00:00:00;26,1
2019-04-11 00:00:00;27,31
2019-04-12 00:00:00;26,49
2019-04-15 00:00:00;26,54
2019-04-16 00:00:00;26,92
2019-04-17 00:00:00;27,38
2019-04-18 00:00:00;26,85
2019-04-23 00:00:00;27,42
2019-04-24 00:00:00;27,33
2019-04-25 00:00:00;27,21
2019-04-26 00:00:00;25,78
2019-04-29 00:00:00;26,3
2019-04-30 00:00:00;26,17
2019-05-01 00:00:00;25,65
2019-05-02 00:00:00;24,62
2019-05-03 00:00:00;25,12
2019-05-06 00:00:00;25,22
2019-05-07 00:00:00;26,3
2019-05-08 00:00:00;26,79
2019-05-09 00:00:00;26,37
2019-05-10 00:00:00;25,54
2019-05-13 00:00:00;24,88
2019-05-14 00:00:00;25,81
2019-05-15 00:00:00;25,83
2019-05-16 00:00:00;25,47
2019-05-17 00:00:00;24,92
2019-05-20 00:00:00;25,12
2019-05-21 00:00:00;25,3
2019-05-22 00:00:00;26,29
2019-05-23 00:00:00;25,98
2019-05-24 00:00:00;25,4
2019-05-27 00:00:00;25,51
2019-05-28 00:00:00;25,4
2019-05-29 00:00:00;25,45
2019-05-30 00:00:00;25,22
2019-05-31 00:00:00;24,41
2019-06-03 00:00:00;23,68
2019-06-04 00:00:00;24,49
2019-06-05 00:00:00;24,19
2019-06-07 00:00:00;24,44
2019-06-10 00:00:00;25,13
2019-06-11 00:00:00;24,9
2019-06-12 00:00:00;24,77
2019-06-13 00:00:00;24,9
2019-06-14 00:00:00;24,99
2019-06-17 00:00:00;24,91
2019-06-18 00:00:00;25,03
2019-06-19 00:00:00;24,9
2019-06-20 00:00:00;24,98
2019-06-21 00:00:00;25,18
2019-06-24 00:00:00;26,31
2019-06-25 00:00:00;26,36
2019-06-26 00:00:00;27,34
2019-06-27 00:00:00;26,84
2019-06-28 00:00:00;26,23
2019-07-01 00:00:00;26,87
2019-07-02 00:00:00;26,67
2019-07-03 00:00:00;26,47
2019-07-04 00:00:00;25,97
2019-07-05 00:00:00;26,34
2019-07-08 00:00:00;26,69
2019-07-09 00:00:00;26,48
2019-07-10 00:00:00;28,12
2019-07-11 00:00:00;28,16
2019-07-12 00:00:00;28,76
2019-07-15 00:00:00;29,02
2019-07-16 00:00:00;28,44
2019-07-17 00:00:00;28,42
2019-07-18 00:00:00;27,74
2019-07-19 00:00:00;28,85
2019-07-22 00:00:00;28,95
2019-07-23 00:00:00;29,77
2019-07-24 00:00:00;29,11
2019-07-25 00:00:00;28,95
2019-07-26 00:00:00;28,25
2019-07-29 00:00:00;28,4
2019-07-30 00:00:00;27,87
2019-07-31 00:00:00;27,95
2019-08-01 00:00:00;29,42
2019-08-02 00:00:00;29,23
2019-08-05 00:00:00;28,67
2019-08-06 00:00:00;28,37
2019-08-07 00:00:00;28,23
2019-08-08 00:00:00;28,45
2019-08-09 00:00:00;28,09
2019-08-12 00:00:00;26,68
2019-08-13 00:00:00;27,08
2019-08-14 00:00:00;26,89
2019-08-15 00:00:00;25,95
2019-08-16 00:00:00;25,94
2019-08-19 00:00:00;26,55
2019-08-20 00:00:00;26,24
2019-08-21 00:00:00;26,06
2019-08-22 00:00:00;25,65
2019-08-23 00:00:00;25,06
2019-08-26 00:00:00;25,78
2019-08-27 00:00:00;25,4
2019-08-28 00:00:00;25,98
2019-08-29 00:00:00;26,45
2019-08-30 00:00:00;26,31
2019-09-02 00:00:00;25,19
2019-09-03 00:00:00;25,2
2019-09-04 00:00:00;25,52
2019-09-05 00:00:00;25,53
2019-09-06 00:00:00;25,03
2019-09-09 00:00:00;25,02
2019-09-10 00:00:00;26,72
2019-09-11 00:00:00;26,25
2019-09-12 00:00:00;26,43
2019-09-13 00:00:00;26,33
2019-09-16 00:00:00;27,03
2019-09-17 00:00:00;26,22
2019-09-18 00:00:00;25,45
2019-09-19 00:00:00;25,95
2019-09-20 00:00:00;26,52
2019-09-23 00:00:00;25,79
2019-09-24 00:00:00;25,53
2019-09-25 00:00:00;25,26
2019-09-26 00:00:00;25,62
2019-09-27 00:00:00;25,29
2019-09-30 00:00:00;24,86
2019-10-01 00:00:00;25,04
2019-10-02 00:00:00;24,2
2019-10-03 00:00:00;23,24
2019-10-04 00:00:00;23,01
2019-10-07 00:00:00;23,41
2019-10-08 00:00:00;22,56
2019-10-09 00:00:00;22,65
2019-10-10 00:00:00;23,26
2019-10-11 00:00:00;24,44
2019-10-14 00:00:00;24,15
2019-10-15 00:00:00;25,71
2019-10-16 00:00:00;26,3
2019-10-17 00:00:00;26,06
2019-10-18 00:00:00;25,87
2019-10-21 00:00:00;25,92
2019-10-22 00:00:00;25,71
2019-10-23 00:00:00;24,33
2019-10-24 00:00:00;24,43
2019-10-25 00:00:00;24,96
2019-10-28 00:00:00;25,11
2019-10-29 00:00:00;25,43
2019-10-30 00:00:00;25,98
2019-10-31 00:00:00;25,58
2019-11-01 00:00:00;25,3
2019-11-04 00:00:00;25,63
2019-11-05 00:00:00;25,5
2019-11-06 00:00:00;24,78
2019-11-07 00:00:00;24,99
2019-11-08 00:00:00;24,84
2019-11-11 00:00:00;24,92
2019-11-12 00:00:00;24,17
2019-11-13 00:00:00;24,38
2019-11-14 00:00:00;23,98
2019-11-15 00:00:00;23,85
2019-11-18 00:00:00;23,38
2019-11-19 00:00:00;23,44
2019-11-20 00:00:00;24,02
2019-11-21 00:00:00;23,93
2019-11-22 00:00:00;24,57
2019-11-25 00:00:00;24,43
2019-11-26 00:00:00;24,37
2019-11-27 00:00:00;24,98
2019-11-28 00:00:00;24,97
2019-11-29 00:00:00;25,12
2019-12-02 00:00:00;24,32
2019-12-03 00:00:00;24,02
2019-12-04 00:00:00;24,73
2019-12-05 00:00:00;24,69
2019-12-06 00:00:00;24,94
2019-12-09 00:00:00;25,12
2019-12-10 00:00:00;24,94
2019-12-11 00:00:00;24,48
2019-12-12 00:00:00;25,07
2019-12-13 00:00:00;24,02
2019-12-16 00:00:00;24,86
2019-12-17 00:00:00;25,91
2019-12-18 00:00:00;26,43
2019-12-19 00:00:00;26,57
2019-12-20 00:00:00;26,5
2019-12-23 00:00:00;26,38
2019-12-24 00:00:00;25,92
2019-12-27 00:00:00;26,54
2019-12-30 00:00:00;24,93
2019-12-31 00:00:00;24,51
2020-01-02 00:00:00;24,24
2020-01-03 00:00:00;24,86
2020-01-06 00:00:00;24,11
2020-01-07 00:00:00;24,44
2020-01-08 00:00:00;23,98
2020-01-09 00:00:00;24,28
2020-01-10 00:00:00;24,12
2020-01-13 00:00:00;24,06
2020-01-14 00:00:00;23,77
2020-01-15 00:00:00;24,42
2020-01-16 00:00:00;24,76
2020-01-17 00:00:00;25,33
2020-01-20 00:00:00;25,1
2020-01-21 00:00:00;24,84
2020-01-22 00:00:00;24,94
2020-01-23 00:00:00;24,63
2020-01-24 00:00:00;24,31
2020-01-27 00:00:00;24,52
2020-01-28 00:00:00;24,58
2020-01-29 00:00:00;23,92
2020-01-30 00:00:00;23,67
2020-01-31 00:00:00;23,81
2020-02-03 00:00:00;23,15
2020-02-04 00:00:00;23,3
2020-02-05 00:00:00;23,71
2020-02-06 00:00:00;23,5
2020-02-07 00:00:00;23,26
2020-02-10 00:00:00;23,11
2020-02-11 00:00:00;23,25
2020-02-12 00:00:00;23,83
2020-02-13 00:00:00;24,35
2020-02-14 00:00:00;24,24
2020-02-17 00:00:00;25,01
2020-02-18 00:00:00;25,03
2020-02-19 00:00:00;25,65
2020-02-20 00:00:00;25,58
2020-02-21 00:00:00;25,53
2020-02-24 00:00:00;24,52
2020-02-25 00:00:00;24,14
2020-02-26 00:00:00;24,22
2020-02-27 00:00:00;23,56
2020-02-28 00:00:00;23,55
2020-03-02 00:00:00;23,49
2020-03-03 00:00:00;23,33
2020-03-04 00:00:00;23,91
2020-03-05 00:00:00;23,78
2020-03-06 00:00:00;23,4
2020-03-09 00:00:00;23,25
2020-03-10 00:00:00;24,07
2020-03-11 00:00:00;23,89
2020-03-12 00:00:00;22,48
2020-03-13 00:00:00;21,92
2020-03-16 00:00:00;19,42
2020-03-17 00:00:00;18,25
2020-03-18 00:00:00;15,23
2020-03-19 00:00:00;16,3
2020-03-20 00:00:00;16,02
2020-03-23 00:00:00;15,45
2020-03-24 00:00:00;16,69
2020-03-25 00:00:00;17,45
2020-03-26 00:00:00;17,22
2020-03-27 00:00:00;16,26
2020-03-30 00:00:00;16,93
2020-03-31 00:00:00;17,55
2020-04-01 00:00:00;16,95
2020-04-02 00:00:00;17,95
2020-04-03 00:00:00;17,86
2020-04-06 00:00:00;20,3
2020-04-07 00:00:00;20,37
2020-04-08 00:00:00;21,04
2020-04-09 00:00:00;21,03
2020-04-14 00:00:00;19,72
2020-04-15 00:00:00;19,21
2020-04-16 00:00:00;20,85
2020-04-17 00:00:00;21,63
2020-04-20 00:00:00;21,29
2020-04-21 00:00:00;19,77
2020-04-22 00:00:00;20,57
2020-04-23 00:00:00;20,96
2020-04-24 00:00:00;20,66
2020-04-27 00:00:00;20,2
2020-04-28 00:00:00;20,13
2020-04-29 00:00:00;20,11
2020-04-30 00:00:00;19,38
2020-05-01 00:00:00;18,9
2020-05-04 00:00:00;19,27
2020-05-05 00:00:00;19,01
2020-05-06 00:00:00;18,92
2020-05-07 00:00:00;19,46
2020-05-08 00:00:00;19,27
2020-05-11 00:00:00;18,98
2020-05-12 00:00:00;18,44
2020-05-13 00:00:00;18,59
2020-05-14 00:00:00;18,76
2020-05-15 00:00:00;19,1
2020-05-18 00:00:00;20,26
2020-05-19 00:00:00;19,81
2020-05-20 00:00:00;21,18
2020-05-21 00:00:00;21,11
2020-05-22 00:00:00;21,32
2020-05-25 00:00:00;21,51
2020-05-26 00:00:00;21,52
2020-05-27 00:00:00;21,25
2020-05-28 00:00:00;21,18
2020-05-29 00:00:00;21,31
2020-06-01 00:00:00;20,89
2020-06-02 00:00:00;22,03
2020-06-03 00:00:00;22,04
2020-06-04 00:00:00;22,13
2020-06-05 00:00:00;23,13
2020-06-08 00:00:00;22,64
2020-06-09 00:00:00;22,41
2020-06-10 00:00:00;22,84
2020-06-11 00:00:00;22,2
2020-06-12 00:00:00;21,93
2020-06-15 00:00:00;22,1
2020-06-16 00:00:00;22,72
2020-06-17 00:00:00;22,65
2020-06-18 00:00:00;24,4
2020-06-19 00:00:00;24,09
2020-06-22 00:00:00;24,4
2020-06-23 00:00:00;25,34
2020-06-24 00:00:00;25,33
2020-06-25 00:00:00;25,11
2020-06-26 00:00:00;24,66
2020-06-30 00:00:00;26,9
2020-07-01 00:00:00;27,64
2020-07-02 00:00:00;27,3
2020-07-03 00:00:00;27,74
2020-07-06 00:00:00;29,58
2020-07-07 00:00:00;29,31
2020-07-08 00:00:00;29,2
2020-07-09 00:00:00;28,52
2020-07-10 00:00:00;28,9
2020-07-13 00:00:00;29,27
2020-07-14 00:00:00;29,58
2020-07-15 00:00:00;28,75
2020-07-16 00:00:00;26,71
2020-07-17 00:00:00;27,73
2020-07-20 00:00:00;26,1
2020-07-21 00:00:00;26,52
2020-07-22 00:00:00;26,55
2020-07-23 00:00:00;27,21
2020-07-24 00:00:00;26,29
2020-07-27 00:00:00;25,03
2020-07-28 00:00:00;25,65
2020-07-29 00:00:00;26,12
2020-07-30 00:00:00;25,47
2020-07-31 00:00:00;26,23
2020-08-03 00:00:00;25,56
2020-08-04 00:00:00;26,3
2020-08-05 00:00:00;26,6
2020-08-06 00:00:00;26,33
2020-08-07 00:00:00;26,36
2020-08-10 00:00:00;26,67
2020-08-11 00:00:00;26,13
2020-08-12 00:00:00;25,91
2020-08-13 00:00:00;25,48
2020-08-14 00:00:00;25,45
2020-08-17 00:00:00;26,2
2020-08-18 00:00:00;26,29
2020-08-19 00:00:00;26,2
2020-08-20 00:00:00;25,75
2020-08-21 00:00:00;25,62
2020-08-24 00:00:00;27,45
2020-08-25 00:00:00;28,47
2020-08-26 00:00:00;28,59
2020-08-27 00:00:00;28,34
2020-08-28 00:00:00;29,48
2020-08-31 00:00:00;28,68
2020-09-01 00:00:00;27,71
2020-09-02 00:00:00;28,2
2020-09-03 00:00:00;28,71
2020-09-04 00:00:00;28,2
2020-09-07 00:00:00;27,03
2020-09-08 00:00:00;26,8
2020-09-09 00:00:00;27,13
2020-09-10 00:00:00;28,4
2020-09-11 00:00:00;28,24
2020-09-14 00:00:00;30,41
2020-09-15 00:00:00;29,76
2020-09-16 00:00:00;29,96
2020-09-17 00:00:00;28,43
2020-09-18 00:00:00;27,98
2020-09-21 00:00:00;26,36
2020-09-22 00:00:00;27,83
2020-09-23 00:00:00;26,48
2020-09-24 00:00:00;26,77
2020-09-25 00:00:00;26,15
2020-09-28 00:00:00;27,68
2020-09-29 00:00:00;26,69
2020-09-30 00:00:00;26,91
2020-10-01 00:00:00;26,49
2020-10-02 00:00:00;27,01
2020-10-05 00:00:00;26,92
2020-10-06 00:00:00;26,76
2020-10-07 00:00:00;26,89
2020-10-08 00:00:00;26,09
2020-10-09 00:00:00;25,81
2020-10-12 00:00:00;25,83
2020-10-13 00:00:00;24,99
2020-10-14 00:00:00;25,72
2020-10-15 00:00:00;24,96
2020-10-16 00:00:00;24,91
2020-10-19 00:00:00;24,97
2020-10-20 00:00:00;24,41
2020-10-21 00:00:00;23,57
2020-10-22 00:00:00;24,18
2020-10-23 00:00:00;25,49
2020-10-26 00:00:00;23,94
2020-10-27 00:00:00;24,06
2020-10-28 00:00:00;23,03
2020-10-29 00:00:00;23,66
2020-10-30 00:00:00;23,7
2020-11-02 00:00:00;23,63
2020-11-03 00:00:00;24,38
2020-11-04 00:00:00;25,11
2020-11-05 00:00:00;25,97
2020-11-06 00:00:00;25,4
2020-11-09 00:00:00;26,54
2020-11-10 00:00:00;26,22
2020-11-11 00:00:00;26,12
2020-11-12 00:00:00;25,91
2020-11-13 00:00:00;26,27
2020-11-16 00:00:00;27,36
2020-11-17 00:00:00;26,63
2020-11-18 00:00:00;27,18
2020-11-19 00:00:00;26,35
2020-11-20 00:00:00;26,74
2020-11-23 00:00:00;27,25
2020-11-24 00:00:00;27,63
2020-11-25 00:00:00;27,62
2020-11-26 00:00:00;28,1
2020-11-27 00:00:00;28,13
2020-11-30 00:00:00;29,13
2020-12-01 00:00:00;28,85
2020-12-02 00:00:00;29,54
2020-12-03 00:00:00;29
2020-12-04 00:00:00;30,11
2020-12-07 00:00:00;29,62
2020-12-08 00:00:00;29,57
2020-12-09 00:00:00;29,7
2020-12-10 00:00:00;30,9
2020-12-11 00:00:00;30,48
2020-12-14 00:00:00;30,81
2020-12-15 00:00:00;31,99
2020-12-16 00:00:00;31,64
2020-12-17 00:00:00;31,83
2020-12-18 00:00:00;30,92
2020-12-21 00:00:00;30,48
2020-12-22 00:00:00;30,89
2020-12-23 00:00:00;31,45
2020-12-24 00:00:00;31,89
2020-12-28 00:00:00;33,2
2020-12-29 00:00:00;32,86
2020-12-30 00:00:00;32,02
2020-12-31 00:00:00;32,54
2021-01-04 00:00:00;33,55
2021-01-05 00:00:00;32,84
2021-01-06 00:00:00;33,51
2021-01-07 00:00:00;34,64
2021-01-08 00:00:00;34,8
2021-01-11 00:00:00;34,42
2021-01-12 00:00:00;34,54
2021-01-13 00:00:00;33,48
2021-01-14 00:00:00;33,42
2021-01-15 00:00:00;31,64
2021-01-18 00:00:00;31,53
2021-01-19 00:00:00;32,99
2021-01-20 00:00:00;32,82
2021-01-21 00:00:00;33,98
2021-01-22 00:00:00;34,15
2021-01-25 00:00:00;33,08
2021-01-26 00:00:00;33,27
2021-01-27 00:00:00;33,21
2021-01-28 00:00:00;33,83
2021-01-29 00:00:00;32,88
2021-02-01 00:00:00;32,81
2021-02-02 00:00:00;34,87
2021-02-03 00:00:00;37,38
2021-02-04 00:00:00;37,22
2021-02-05 00:00:00;37,99
2021-02-08 00:00:00;38,51
2021-02-09 00:00:00;38,21
2021-02-10 00:00:00;39,24
2021-02-11 00:00:00;38,71
2021-02-12 00:00:00;39,92
2021-02-15 00:00:00;39,47
2021-02-16 00:00:00;38,82
2021-02-17 00:00:00;37,99
2021-02-18 00:00:00;38,19
2021-02-19 00:00:00;37,37
2021-02-22 00:00:00;37,92
2021-02-23 00:00:00;38,62
2021-02-24 00:00:00;39,1
2021-02-25 00:00:00;38,2
2021-02-26 00:00:00;37,22
2021-03-01 00:00:00;37,08
2021-03-02 00:00:00;38,3
2021-03-03 00:00:00;37,42
2021-03-04 00:00:00;38,11
2021-03-05 00:00:00;38,98
2021-03-08 00:00:00;39,07
2021-03-09 00:00:00;40,58
2021-03-10 00:00:00;41,47
2021-03-11 00:00:00;41,86
2021-03-12 00:00:00;42,79
2021-03-15 00:00:00;42,3
2021-03-16 00:00:00;41,49
2021-03-17 00:00:00;42,87
2021-03-18 00:00:00;42,28
2021-03-19 00:00:00;41,85
2021-03-22 00:00:00;42,72
2021-03-23 00:00:00;41,32
2021-03-24 00:00:00;41,49
2021-03-25 00:00:00;40,26
2021-03-26 00:00:00;41,63
2021-03-29 00:00:00;41,75
2021-03-30 00:00:00;41,95
2021-03-31 00:00:00;42,45
2021-04-01 00:00:00;42,37
2021-04-06 00:00:00;44,14
2021-04-07 00:00:00;43,77
2021-04-08 00:00:00;43,38
2021-04-09 00:00:00;43,16
2021-04-12 00:00:00;44,32
2021-04-13 00:00:00;43,76
2021-04-14 00:00:00;43,73
2021-04-15 00:00:00;44,08
2021-04-16 00:00:00;44,33
2021-04-19 00:00:00;44,27
2021-04-20 00:00:00;44,81
2021-04-21 00:00:00;45,82
2021-04-22 00:00:00;46,98
2021-04-23 00:00:00;46,83
2021-04-26 00:00:00;47,11
2021-04-27 00:00:00;47,2
2021-04-28 00:00:00;47,69
2021-04-29 00:00:00;47,91
2021-04-30 00:00:00;48,75
2021-05-03 00:00:00;49,3
2021-05-04 00:00:00;48,52
2021-05-05 00:00:00;49,34
2021-05-06 00:00:00;49,82
2021-05-07 00:00:00;50,45
2021-05-10 00:00:00;51,83
2021-05-11 00:00:00;52,94
2021-05-12 00:00:00;55,17
2021-05-13 00:00:00;54,47
2021-05-14 00:00:00;56,49
2021-05-17 00:00:00;56,15
2021-05-18 00:00:00;52,9
2021-05-19 00:00:00;49,55
2021-05-20 00:00:00;52,56
2021-05-21 00:00:00;51,29
2021-05-24 00:00:00;52,68
2021-05-25 00:00:00;51,24
2021-05-26 00:00:00;52,81
2021-05-27 00:00:00;51,76
2021-05-28 00:00:00;50,97
2021-05-31 00:00:00;51,5
2021-06-01 00:00:00;52,32
2021-06-02 00:00:00;51,32
2021-06-03 00:00:00;50,17
2021-06-04 00:00:00;50,02
2021-06-07 00:00:00;51,38
2021-06-08 00:00:00;52,02
2021-06-09 00:00:00;53,42
2021-06-10 00:00:00;52,8
2021-06-11 00:00:00;52,58
2021-06-14 00:00:00;52,8
2021-06-15 00:00:00;51,3
2021-06-16 00:00:00;51,24
2021-06-17 00:00:00;50,81
2021-06-18 00:00:00;51,8
2021-06-21 00:00:00;52,33
2021-06-22 00:00:00;53,31
2021-06-23 00:00:00;54,56
2021-06-24 00:00:00;54,98
2021-06-25 00:00:00;54,92
2021-06-28 00:00:00;55,4
2021-06-29 00:00:00;55,53
2021-06-30 00:00:00;56,25
2021-07-01 00:00:00;57,51
2021-07-02 00:00:00;57,24
2021-07-05 00:00:00;57,77
2021-07-06 00:00:00;53,92
2021-07-07 00:00:00;52,89
2021-07-08 00:00:00;52,26
2021-07-09 00:00:00;54,17
2021-07-12 00:00:00;51,62
2021-07-13 00:00:00;52,76
2021-07-14 00:00:00;52,3
2021-07-15 00:00:00;52,85
2021-07-16 00:00:00;52,79
2021-07-19 00:00:00;52,32
2021-07-20 00:00:00;51,13
2021-07-21 00:00:00;52,02
2021-07-22 00:00:00;50,72
2021-07-23 00:00:00;50,88
2021-07-26 00:00:00;53,12
2021-07-27 00:00:00;52,83
2021-07-28 00:00:00;53,76
2021-07-29 00:00:00;53,98
2021-08-02 00:00:00;54,36
2021-08-03 00:00:00;54,12
2021-08-04 00:00:00;55,39
2021-08-05 00:00:00;55,9
2021-08-06 00:00:00;56,49
2021-08-09 00:00:00;56,42
2021-08-10 00:00:00;57,1
2021-08-11 00:00:00;57,7
2021-08-12 00:00:00;56
2021-08-13 00:00:00;55,31
2021-08-16 00:00:00;57,98
2021-08-17 00:00:00;57,08
2021-08-18 00:00:00;56,89
2021-08-19 00:00:00;53,44
2021-08-20 00:00:00;54,32
2021-08-23 00:00:00;55,27
2021-08-24 00:00:00;56,53
2021-08-25 00:00:00;56,37
2021-08-26 00:00:00;56,81
2021-08-27 00:00:00;58,94
2021-08-30 00:00:00;60,59
2021-08-31 00:00:00;60,68
2021-09-01 00:00:00;60,05
2021-09-02 00:00:00;61,45
2021-09-03 00:00:00;61,23
2021-09-06 00:00:00;62,24
2021-09-07 00:00:00;61,93
2021-09-08 00:00:00;62,39
2021-09-09 00:00:00;62,69
2021-09-10 00:00:00;60,89
2021-09-13 00:00:00;61,01
2021-09-14 00:00:00;59,8
2021-09-15 00:00:00;59,58
2021-09-16 00:00:00;59,18
2021-09-17 00:00:00;59,43
2021-09-20 00:00:00;59,89
2021-09-21 00:00:00;59,65
2021-09-22 00:00:00;60,23
2021-09-23 00:00:00;59,77
2021-09-24 00:00:00;60,78
2021-09-27 00:00:00;64,31
2021-09-28 00:00:00;61,86
2021-09-29 00:00:00;62,58
2021-09-30 00:00:00;61,6
2021-10-01 00:00:00;61,96
2021-10-04 00:00:00;63,32
2021-10-05 00:00:00;64,22
2021-10-06 00:00:00;60,23
2021-10-07 00:00:00;60,3
2021-10-08 00:00:00;58,13
2021-10-11 00:00:00;59,1
2021-10-12 00:00:00;58,9
2021-10-13 00:00:00;59,16
2021-10-14 00:00:00;60,74
2021-10-15 00:00:00;58,37
2021-10-18 00:00:00;58,54
2021-10-19 00:00:00;55,2
2021-10-20 00:00:00;57,76
2021-10-21 00:00:00;57,95
2021-10-22 00:00:00;58,24
2021-10-25 00:00:00;58,96
2021-10-26 00:00:00;59,78
2021-10-27 00:00:00;59,88
2021-10-28 00:00:00;58,56
2021-10-29 00:00:00;58,69
2021-11-01 00:00:00;56,98
2021-11-02 00:00:00;59,49
2021-11-03 00:00:00;59,89
2021-11-04 00:00:00;59,86
2021-11-05 00:00:00;59,39
2021-11-08 00:00:00;60,62
2021-11-09 00:00:00;60,41
2021-11-10 00:00:00;63,1
2021-11-11 00:00:00;63,7
2021-11-12 00:00:00;63,27
2021-11-15 00:00:00;65,92
2021-11-16 00:00:00;67,54
2021-11-17 00:00:00;67,15
2021-11-18 00:00:00;69,09
2021-11-19 00:00:00;69,34
2021-11-22 00:00:00;69,68
2021-11-23 00:00:00;69,19
2021-11-24 00:00:00;72,89
2021-11-25 00:00:00;74,48
2021-11-26 00:00:00;71,42
2021-11-29 00:00:00;74,18
2021-11-30 00:00:00;75,32
2021-12-01 00:00:00;76,78
2021-12-02 00:00:00;79,48
2021-12-03 00:00:00;78,23
2021-12-06 00:00:00;81,43
2021-12-07 00:00:00;84,71
2021-12-08 00:00:00;88,87
2021-12-09 00:00:00;80,2
2021-12-10 00:00:00;83,73
2021-12-13 00:00:00;82,12
2021-12-14 00:00:00;79,48
2021-12-15 00:00:00;80,5
2021-12-16 00:00:00;84,78
2021-12-17 00:00:00;76,35
2021-12-20 00:00:00;79,38
2021-12-21 00:00:00;78,85
2021-12-22 00:00:00;76,16
2021-12-23 00:00:00;73,78
2021-12-24 00:00:00;75,21
2021-12-27 00:00:00;76,37
2021-12-28 00:00:00;78,38
2021-12-29 00:00:00;79,35
2021-12-30 00:00:00;79,47
2021-12-31 00:00:00;79,96
